Neha Siddique's Business Card URLs (131 cards)
================================================================================

1  . Abdallah Aburub                          | https://abdallah-aburub
2  . Abdulrahman Albluwi                      | https://abdulrahman-albluwi
3  . Abdulrahman Baali                        | https://abdulrahman-baali
4  . Adnane Allouaji                          | https://adnane-allouaji
5  . Ahmed Asif                               | https://ahmed-asif
6  . Alba Xhixha                              | https://alba-xhixha
7  . Alexander Kay                            | https://alexanderkay
8  . Ali Hossari                              | https://ali-hossari
9  . Ali Issa                                 | https://ali-issa
10 . Aliaa Latch                              | https://aliaa-latch
11 . Alireza Versi                            | https://alireza-versi
12 . AlReem AlMutlaq                          | https://alreem-almutlaq-alrym-almtlk
13 . Amina Benkhelifa                         | https://amina-benkhelifa
14 . Andrew McQuillan                         | https://andrew-mcquillan
15 . Angela Maciel                            | https://angela-maciel
16 . Annabelle Dufour                         | https://annabelle-dufour
17 . Arushi Agarwal                           | https://arushi-agarwal
18 . Baha Haroun                              | https://baha-haroun
19 . Buran Al Hassan                          | https://buran-al-hassan
20 . Calum Bardsley                           | https://calum-bardsley
21 . Cameron Bennett                          | https://cameronbennett
22 . Carly Downes                             | https://carlydownes
23 . Caroline Irwin                           | https://caroline-irwin
24 . Claudia Alder                            | https://claudia-alder
25 . Cleone Lobo                              | https://cleone-lobo
26 . Conchita Paras                           | https://conchita-paras
27 . Craig Wilkie                             | https://craig-wilkie
28 . Dalia Al Jurf                            | https://dalia-al-jurf
29 . Daliah Abdulshakour                      | https://daliah-abdulshakour
30 . Dan Wilson                               | https://dan-wilson
31 . Dania Alahmad                            | https://dania-alahmad
32 . Daniel Bestwick                          | https://daniel-bestwick
33 . Darrell Wright                           | https://darrell-wright
34 . Derek Van Den Bergh                      | https://derek-van-den-bergh
35 . Duncan Mayall                            | https://duncan-mayall
36 . Elamir Osman                             | https://elamir-osman
37 . Emma Mead                                | https://emma-mead
38 . Fatema Alaiwi                            | https://fatema-alaiwi
39 . Fouad Nassereldine                       | https://fouad-nassereldine
40 . Francesco D'Ambrosio Lettieri            | https://francesco-dambrosio-lettieri
41 . Geordie Morrison                         | https://geordie-morrison
42 . Gregory Lake                             | https://gregory-lake
43 . Hania Malhas                             | https://hania-malhas
44 . Haroon Hameed                            | https://haroon-hameed
45 . Harry Nicholls                           | https://harry-nicholls
46 . Hazar Assi                               | https://hazar-assi-hazar
47 . Hiba Warrach                             | https://hiba-warrach
48 . Iain Gibson                              | https://iaingibson
49 . Jack McLintock                           | https://jack-mclintock
50 . Jacob Willmer                            | https://jacob-willmer
51 . Jacqueline  Loadman                      | https://jacqueline-loadman
52 . James Davies                             | https://james-davies
53 . James Patava                             | https://james-patava
54 . James Stride                             | https://james-stride
55 . Jemit Parikh                             | https://jemit-parikh
56 . Jessica Donoghue                         | https://jessica-donoghue
57 . John Laxon                               | https://john-laxon
58 . Jonathan Angliss                         | https://jonathan-angliss
59 . Jules Fernandes                          | https://jules-fernandes
60 . Julian Hernandez                         | https://julianher-nandez
61 . Justine Judge                            | https://justine-judge
62 . Kaitlin Murphy                           | https://kaitlin-murphy
63 . Kartik Kapai                             | https://kartik-kapai
64 . Katie Fyfe                               | https://katie-fyfe
65 . Kevin Butler                             | https://kevin-butler
66 . Khaled Faisal                            | https://khaled-faisal
67 . Khalid AlZuraij                          | https://khalid-alzuraij-khald-alzryg
68 . Khalid Muse                              | https://khalid-muse
69 . Khloud Ibrahim                           | https://khloud-ibrahim
70 . Lara Bardakji                            | https://larabardakji
71 . Leen Faraj                               | https://leen-faraj
72 . Lewis Galloway                           | https://lewis-galloway
73 . Liban Ali Jama                           | https://liban-jama
74 . Liena Almotairi                          | https://liena-almotairi
75 . Linda Deregibus                          | https://linda-deregibus
76 . Lubna Hussain                            | https://Lubna-Hussain
77 . Lujayn Al Derazi                         | https://lujayn-al-derazi
78 . Luke Chauveau                            | https://luke-chauveau
79 . Luke Gill                                | https://luke-gill
80 . Mahmood Algayeb                          | https://mahmood-algayeb
81 . Malti Pandu                              | https://Malti-Pandu
82 . Mary Ames                                | https://maryammes
83 . Mary Bernia                              | https://mary-bernia
84 . Matthew Freeman                          | https://matthew-freeman
85 . Max Kellett - Cornils                    | https://max-kellett-cornils
86 . Mayank Mittal                            | https://mayank-mittal
87 . Mohammad Ayaz                            | https://mohammad-ayaz
88 . Muna Zaher                               | https://muna-zaher
89 . Mustapha Moones                          | https://mustapha-moones
90 . Nader Naamani                            | https://nader-al-naamani-nadr-alnaamany
91 . Nancy  McCarthy                          | https://nancy-mccarthy
92 . Nataly Hamade                            | https://nataly-hamade
93 . Natasha Ighodaro                         | https://Natasha-Ighodaro
94 . Neha Siddique                            | https://neha-siddique
95 . Neil Pollock                             | https://neil-pollock
96 . Nicolas Bell                             | https://nicolas-bell
97 . Nikhita Sethi                            | https://nikhita-sethi
98 . Olivia Willers                           | https://olivia-willers
99 . Omar Bitar                               | https://omar-bitar
100. Patrick Baxter                           | https://patrick-baxter
101. Patrick Ferguson                         | https://patrick-ferguson
102. Peter Douglas                            | https://peter-douglas
103. Pierre Gandiaga                          | https://pierre-gandiaga
104. Piers Thompson                           | https://piers-thompson
105. Priya Shourie                            | https://priya-shourie
106. Rabih Choukeir                           | https://rabih-choukeir
107. Rakan Alshahri                           | https://rakan-alshahri
108. Rana Rayess                              | https://ryanarayess
109. Ranulph Murray                           | https://ranulph-murray
110. Reem Al Maskati                          | https://reem-al-maskati
111. Reem Alghamdi                            | https://reem-alghamdi
112. Reema Al Hamrani                         | https://reema-al-hamrani
113. Renz Jerao                               | https://renz-jerao
114. Rhea Mehra                               | https://rhea-mehra
115. Robert Blackmore                         | https://robert-blackmore
116. Roger Baker                              | https://roger-baker
117. Ronan Wilson                             | https://ronan-wilson
118. Ruwan Al Rejoleh                         | https://ruwan-al-rejoleh
119. Sarra Atti                               | https://sarra-abdulatti
120. Shada Qamhawi                            | https://shada-qamhawi
121. Sima El-Amine                            | https://sima-el-amine
122. Sofia Zghaoui                            | https://sofia-zghaoui
123. Stuart Walker                            | https://stuart-walker
124. Toby Ward                                | https://toby-ward
125. Veena Kakkamthottil                      | https://veena-kakkamthottil
126. William Hummel                           | https://william-hummel
127. Yara Husain                              | https://yarahusain
128. Youmna EL-Asmar                          | https://youmna-elasmar
129. Zach Meyer                               | https://zach-meyer
130. Zaki AlHanbali                           | https://zaki-alhanbali
131. Zeina Chidiac                            | https://zeina-chidiac

================================================================================
✅ URLs have been saved to: neha_card_urls.txt
Total: 131 cards
